title_id,title,domain,source,source_id,url
T0087,"Nayyi Navelli:Official Trailer | Yami,Addinath,Balaji Mohan,Aanand L Rai,G.V.Prakash Kumar| 16th Oct",youtube,YouTube Data API,NPkMecGOxDc,https://www.youtube.com/watch?v=NPkMecGOxDc
T0082,Draw You Out (From The Hunger Games: Sunrise on the Reaping - The Album),youtube,YouTube Data API,_tIrGCUMHCY,https://www.youtube.com/watch?v=_tIrGCUMHCY
T0555,"#60 Domination Tips from A Real-Life Dominatrix, Mistress Eva Oh",podcast,"The Bad Girls Bible - Sex, Relationships, Dating, Love & Marriage Advice",587b61a2-7619-4c58-b5dc-d29652a421b4,http://badgirlsbible.com/podcast
T0235,Mail guys folded my wife’s master’s degree,reddit,r/all,t3_1wtu32y,https://www.reddit.com/r/mildlyinfuriating/comments/1wtu32y/mail_guys_folded_my_wifes_masters_degree/
T0530,Bobby’s Beef with Adam Ray,podcast,Bad Friends,b6c23c8e-8f5d-11f0-84e2-c78193f8b407,
T0052,I Packed So Many WALKOUTS From Rewards! (OGRTG #13),youtube,YouTube Data API,ddS1yD5HCls,https://www.youtube.com/watch?v=ddS1yD5HCls
T0372,Man found shot to death on South Side - WGN-TV,article,Google News RSS,,https://news.google.com/rss/articles/CBMif0FVX3lxTE5uY05sQkVwNWM1LXZZTzhrYkVBVzJLRlYxamFYUGdCMEVPNF9QejVudmNiMkJta0FSemNnRVRvYkZFOWl1bVU0S0RRTExsTVhLZGpheE1XTHJWVWhJdHlFMzdueXNNWUxvRHJCX2EyQlVjenk2RWhVZ0JaQmxCY0nSAYQBQVVfeXFMTm44WUdsMGZ1OXUtZjlOLVVZa1FnX19GVFlZaGFaMDIxX0NiTnFraUpZaUFlMEtlMDNaZ3dHdzVTNXdPYkw1Sk5lc0h0Wi1BYVZhOE0wRUowb09KSTNWaEpnUWNTODF6amlxQzZHbzR2RVgyZ0RvM3VzdmJHSE1iLVRZei0y?oc=5
T0649,Episode 129: Anthropophagus: The Beast (1980),podcast,The Bad Movie Cult Podcast,badmoviecult.podbean.com/6f024665-39b2-35c8-98be-cd8e2f312b99,https://badmoviecult.podbean.com/e/episode-129-anthropophagus-the-beast-1980/
T0664,"Dangote Booms, Red Sea Boils, Nigeria-South Africa Clash",podcast,The Bad Natives Podcast.,Buzzsprout-19852078,
T0577,"Loser, Loser, Double Loser — What If Both Parties Lose The Midterms? With Reed Galen",podcast,Is It Bad For The Economy?,substack:post:217015568,https://kobitirey.substack.com/p/loser-loser-double-loser-what-if
T0067,My ENTIRE Division Rivals Experience + Rewards! Road to Glory #10,youtube,YouTube Data API,qL0glKJWb4s,https://www.youtube.com/watch?v=qL0glKJWb4s
T0397,"Community Spotlight: West Side – Oct. 2, 2026 - citizensvoice.com",article,Google News RSS,,https://news.google.com/rss/articles/CBMiigFBVV95cUxPR01rLTRJdkM1TGVSN3A1V1dXeUJhRW1kSzhCRGYwUEozXzhmWkpNS3pOSkpMU0wxd3Z6ZkN1RmFQU1hnODJoWjgzT1dzQmdaa3B6dE0tYTgtdmY1LVpNc3ZreHhPUWRVaEZZQmFKOWpzcFVTZ0Y2UFNZaEdzLXJIX1NlVW1MRk4yVHc?oc=5
T0262,"Pentagon launches Office of Religious Affairs, will report directly to Hegseth",reddit,r/all,t3_1wva821,https://www.reddit.com/r/news/comments/1wva821/pentagon_launches_office_of_religious_affairs/
T0099,"The Most ""Normal"" GTA Game",youtube,YouTube Data API,BepltTmFgqs,https://www.youtube.com/watch?v=BepltTmFgqs
T0470,A Mass. tech darling went bankrupt. What does that say about the state of the green tech industry? - WBUR,article,Google News RSS,,https://news.google.com/rss/articles/CBMieEFVX3lxTE9PVlkzOEpfUlRnbDJqMGhDNnpvRm1YZG9sX1NVeHVaOHotV0wwbm9ydjRYbGoyalI5c0hOU3NuUjdJSTMzX1VaTmRmOWpsdE12eUJ2RGZLMTZ5ZFRyTm5rcWh5VlZMNXJLOVhtZWtxRWNsUE0wUjh0bQ?oc=5
T0345,"Dive Deposits: BofA, Barclays show their populist side - Banking Dive",article,Google News RSS,,https://news.google.com/rss/articles/CBMimgFBVV95cUxPXzN6ci11a3ZLbW1VZXFuM3hIZWtkWS1sNDc1U09nSVJTeGMwZkxGd1RQd3ZyVU04T3ozNnZTMjFidkN2dkp1YUZ5dVU4NWFWRW56X24tSHIyTVo5T0U1NVlXZ1dsUk9NVk1EeExBdnZSQ3lFLXBZTmhvblNGeTVzTFc4OWRoaWhSTkltMm56YkJzU1lPd1lIRW9B?oc=5
T0040,Soulidified - Man Ain't Me (Official Video),youtube,YouTube Data API,eDM4kW5Phj4,https://www.youtube.com/watch?v=eDM4kW5Phj4
T0239,Octopus Expertly Executes His Camouflage To Hide From Sea Eel,reddit,r/all,t3_1wq7k2n,https://www.reddit.com/r/nextfuckinglevel/comments/1wq7k2n/octopus_expertly_executes_his_camouflage_to_hide/
T0667,From Kigali’s Visionaries to Niger’s Mercenaries: Africa’s Battle for the Future.,podcast,The Bad Natives Podcast.,Buzzsprout-19790200,
T0499,Micron's mobile and client memory margin went from 36% to 90% in a year - MIXED Reality News,article,Google News RSS,,https://news.google.com/rss/articles/CBMijgFBVV95cUxOdi12VktVSTZaM096R0cxWkdPVWM2X092NHd3aVBWRVg4cWhuOFBjUHI0V1NBcFhkdVZ2SXhialpITkpyVzVueVl5U2VMWWtueGZDcVZKRG93YVB3QXpWaU9OTXFIam5mM2ZIMW9ZLWxka0tCb3Y0QkpYcjI1cURwcjRnZl9iLU5EeFMwekR3?oc=5
T0005,Dexter: Resurrection | Season 2 Official Trailer | Paramount+,youtube,YouTube Data API,nTOf1FIsBcs,https://www.youtube.com/watch?v=nTOf1FIsBcs
T0657,This 60+ year old guitar has seen some stuff...,podcast,The Bad Guitarist,113a0020-cb6f-46ed-962e-a812366ea3c1,https://podcasters.spotify.com/pod/show/the-bad-guitarist/episodes/This-60-year-old-guitar-has-seen-some-stuff-e3o3gam
T0692,61: How He Went from Navy Officer to Millionaire - Douglas James,podcast,BAD Marketing Podcast with Eddie Maalouf,cc8d7c82-92aa-4432-8598-50bf6b3eb3d6,https://4media.libsyn.com/62-how-he-went-from-navy-officer-to-millionaire-douglas-james
T0413,Craig Fernsler on Serving Commercial Real Estate From the Policy Side - World Business Outlook,article,Google News RSS,,https://news.google.com/rss/articles/CBMipgFBVV95cUxOWGVVc1piWXM3aWNIcmE4TWVlMGlTZkFRalVHN2Rzc1N2YlF3V3B3cng5ODNtU1hzdUdYZjhOUWhjMVlnVEdpY3VOcTdLUTNGdDByY1haZHRGZU16VF9TUm1sQmRqN2hqNG1LVi1wX0pKRktRcktKbjltS0JWWEQxMXI2NHcwVW1hUW5fYzlUb0JIcnlMRk8zRDRHSVRlUXJ1T1d3YjNn?oc=5
T0394,Waltham Eats: A South Side taco crawl - Waltham Times,article,Google News RSS,,https://news.google.com/rss/articles/CBMifkFVX3lxTE85UFgzenBmVjR3azFNYjJaZ0Z2MFptSkl4V1gyTkFwaGc1MS1rRTRpT00tN2hzQVRxN0x3eEJqLTl2X1pmcDc3Z0N5Y2JWRE5XQndWbE1xRkE3NmRWbzczZ3VWRnI5UU9CQkdpMmZpczRWbkI1b3pCV0lLUV82QQ?oc=5
T0302,Art and memes that characterize aircraft like silly little critters,reddit,r/all,t3_1wvypuo,https://www.reddit.com/r/lovethissmug/comments/1wvypuo/art_and_memes_that_characterize_aircraft_like/
T0702,#75 What it Means to be a DIVA: From Divine Origins to Weaponized Misogyny (The History of the Diva),podcast,Good Witch Bad Bitch: Modern Spirituality Meets Bad B*tch Energy,70fedbd9-504c-45d5-999d-169a9fad2b8e,https://podcasters.spotify.com/pod/show/luna-seranova/episodes/75-What-it-Means-to-be-a-DIVA-From-Divine-Origins-to-Weaponized-Misogyny-The-History-of-the-Diva-e3h1h96
T0073,Blaqbonez- Ikebe 3000 (feat. Asake) [Official Music Video],youtube,YouTube Data API,3g6deNjbuxs,https://www.youtube.com/watch?v=3g6deNjbuxs
T0247,My dad purchased these water guns for my sons,reddit,r/all,t3_1wve9oc,https://www.reddit.com/r/mildlyinfuriating/comments/1wve9oc/my_dad_purchased_these_water_guns_for_my_sons/
T0286,Reading 4 charts for free - limited only.,reddit,r/all,t3_1ww06i1,https://www.reddit.com/r/Free_Vedic_Astro/comments/1ww06i1/reading_4_charts_for_free_limited_only/
T0033,I Became The DRAGON KING in Minecraft..,youtube,YouTube Data API,QC6ViS3ZZBA,https://www.youtube.com/watch?v=QC6ViS3ZZBA
T0661,"Episode 425- This or the DMV? Which is worse?!! ""Maximum Overdrive"" (1986)",podcast,Bad Taste Video Podcast,28d1f59b-1c28-4610-b106-2de9affeb56c,https://share.transistor.fm/s/72adb6b3
T0455,Her Famous Dog Helped Them Meet. They Went on to Foster 31 More. - nytimes.com,article,Google News RSS,,https://news.google.com/rss/articles/CBMihwFBVV95cUxPY0p2VmU0QVBjVlZ4c2tpellyN2d1Mm1WVjR3UFlMSXlKd0U0c3JJaHN6bGdEamtOMzk5SXlYY1Z5c0hUbFRRMGVHbEQ0Nk1tWHZhWXo5WEtyOFVWc0xvaGZWakg0WVNNN29RSVFGNkoydlpDaVBBWDltZjlSMVo3dndWMkRITkE?oc=5
T0138,They're catching everyone up.,reddit,r/all,t3_1wvvsux,https://www.reddit.com/r/BlackPeopleTwitter/comments/1wvvsux/theyre_catching_everyone_up/
T0213,Food connects people,reddit,r/all,t3_1w8dor4,https://www.reddit.com/r/MadeMeSmile/comments/1w8dor4/food_connects_people/
T0201,"After losing my right arm, my cousin spent 48 hours crocheting me a new one",reddit,r/all,t3_1wmc84j,https://www.reddit.com/r/pics/comments/1wmc84j/after_losing_my_right_arm_my_cousin_spent_48/
T0142,Pope Leo XIV denounces AI Art and calls for alliance to human artists,reddit,r/all,t3_1wvu53f,https://www.reddit.com/r/antiai/comments/1wvu53f/pope_leo_xiv_denounces_ai_art_and_calls_for/
T0046,What If,youtube,YouTube Data API,DXqezf2Nrmo,https://www.youtube.com/watch?v=DXqezf2Nrmo
T0395,"'God was on our side': Driver describes dense fog, chain reaction in I-95 pileup - WLTX",article,Google News RSS,,https://news.google.com/rss/articles/CBMi0AFBVV95cUxNMzYtZmd3a3hLZHdwbnpmU242NjhwaTlBMXNHdkRpeTlYb1BmeTIxcDVidTZBcTAwbW43em1TaFhJMDlwTWY3N0JLOTRCYkNGNG5MTXFzaWhxemk2Z1VSVi1GdzFCMl9HVmwxWnR6cEpmb21xbjJZWUdkdDQ3eU1ETmRqd2xtdE9CSXZTZ0VVVUswcEdSeWJYak5OT2E2S21LT1ZtNHZMektzZTBFS19GR2hDNGhVa200Zld6TktjRTU4d1N4cnBkSWMzT3JqSXhy?oc=5
T0124,"Every Time I Crash, My Long Car EVOLVES in GTA!",youtube,YouTube Data API,zJyX_wCeIwg,https://www.youtube.com/watch?v=zJyX_wCeIwg
T0230,Hypocrisy 101,reddit,r/all,t3_1wqer84,https://www.reddit.com/r/SipsTea/comments/1wqer84/hypocrisy_101/
T0016,Noah Kahan - Draw You Out (from The Hunger Games: Sunrise on the Reaping - The Album) (Lyric Video),youtube,YouTube Data API,OSdQnT_FhAs,https://www.youtube.com/watch?v=OSdQnT_FhAs
T0383,Pat McAfee takes Fever fan’s side after A’ja Wilson altercation - Yahoo Sports,article,Google News RSS,,https://news.google.com/rss/articles/CBMigAFBVV95cUxOZTcydVdKV1FTZno0aV8zeU11RllOakQydG03TDZwUDVXVTFqeC1VWURxUEtYYVJLdEMzR1JwVE90VnNTMkJRcWpvUGFfMUdOSV9CVTBFU2VHeDMzNEJCRlpORXJEYUhnYy1kelpZOXVRQkZKTlcybU9QRS1PN0lyXw?oc=5
T0373,Phillies are on wrong side of MLB history - Yahoo Sports,article,Google News RSS,,https://news.google.com/rss/articles/CBMihwFBVV95cUxPd1ROaG1ZZTZLclZNd21IR2dmOXZuQTFOdUlPVE92a2hDZkxLdDRCdlN6UnhnUDlPYXFCdldTdHhZWWVEMFQxdkdtSGhjajR4Vk1jbXBXNUZPNkFRME5uclR3YXdqQlVESmVaY2xnVC1GNGxvTGFKS3lfdGx6eTZVZ2dOcWZMNnc?oc=5
T0311,￼two months for murder is wild!,reddit,r/all,t3_1wvyp7m,https://www.reddit.com/r/BlackPeopleofReddit/comments/1wvyp7m/two_months_for_murder_is_wild/
T0041,Gears of War: E-Day | Official Launch Trailer,youtube,YouTube Data API,3onc3ownB14,https://www.youtube.com/watch?v=3onc3ownB14
T0202,Supportive Parents During a Difficult Time,reddit,r/all,t3_1wjnhp5,https://www.reddit.com/r/MadeMeSmile/comments/1wjnhp5/supportive_parents_during_a_difficult_time/
T0442,How Brent Pry went from head coach to coordinator at Virginia Tech - ESPN,article,Google News RSS,,https://news.google.com/rss/articles/CBMiwwFBVV95cUxOQTVjZ0hEWUFpdjk5aWJFMGFBMGt2VWJPV3Y4N2pYOUtaTjlCaG5XWFdjdlVuWG0tWDlkSXJITnBvRXptRndkaTBtVk5WT2Z6Si1KUDJQQ1FXTjVFNE81ck1Cd1U3VWdvdFdtVjV3Z1lZSkhfdF9qc3FTZVQ5ZVV2WTRubkJLa3VkeVZReWxMS3FrdEdBTUhvVEcteURPNHpDRllrSzdaRXVpdHJiUW14NFpLV3lvVkVmZF9MRXU1Q0pRSGs?oc=5
T0552,#63 19 Orgasmic Blow Job Techniques to Make Your Man Explode with Samia Burton,podcast,"The Bad Girls Bible - Sex, Relationships, Dating, Love & Marriage Advice",ef7e1eca-74c8-4ce9-b771-5c694cb9d619,http://badgirlsbible.com/podcast
T0668,"S6E3: Gran Canaria All Year Round: Beaches, Events & LGBTQ+ Life",podcast,Queer Travel Chat by Two Bad Tourists,afb6d4a3-8d8f-4adc-8214-2613a26cf1d2,https://podcasters.spotify.com/pod/show/two-bad-tourists/episodes/S6E3-Gran-Canaria-All-Year-Round-Beaches--Events--LGBTQ-Life-e3pgj18
