title_id,title,domain,source,source_id,url
T0227,How are you guys handling corporate gifting this Diwali?,reddit,r/all,t3_1wxouxv,https://www.reddit.com/r/B2BMarketIndia/comments/1wxouxv/how_are_you_guys_handling_corporate_gifting_this/
T0176,My bananas committed mass suicide,reddit,r/all,t3_1wgpg3g,https://www.reddit.com/r/mildlyinfuriating/comments/1wgpg3g/my_bananas_committed_mass_suicide/
T0306,"Man shot in hip after restaurant dispute, suspect in custody; JSO - News4JAX",article,Google News RSS,,https://news.google.com/rss/articles/CBMisAFBVV95cUxNQnBFRko0Wm9Scl9yZjhfbDV3NWw4bjBzbW9telQ2a0ZaaVI5S3BnQXdiWkp2c002VkV4U2pXOW1Sa25fZFYtYk5scnpRT0N5dENpNVZpYkd2ZjFKb2w4NDE1dWQzRTY0bUdnZ2QwLTN1T0Z0UzlaSVlKT3UweXJlUzl4eXB6V0NMNFBfV2FnMVhBR0hQbVVIdVZ1clE0QzRFRmZNV0V0ZUt5X0hqSUh0TQ?oc=5
T0192,Bro definitely kept one,reddit,r/all,t3_1ws7ei0,https://www.reddit.com/r/SipsTea/comments/1ws7ei0/bro_definitely_kept_one/
T0518,"""Coach Kelly"" (w/ Kelly Clarkson)",podcast,Las Culturistas with Matt Rogers and Bowen Yang,1c34de2d-4011-41f6-9b55-b4d3010c9784,https://omny.fm/shows/las-culturistas-with-matt-rogers-and-bowen-yang/coach-kelly-w-kelly-clarkson
T0324,Man in custody after allegedly raping 2 people on LSU’s campus - lsureveille.com,article,Google News RSS,,https://news.google.com/rss/articles/CBMirwFBVV95cUxQckpkcVZucndqWEtiT3lVU293TTNfQUxWbF9wSGVId0pycUFfelBoWk13OUhkSzJxSGFOTWd1VnloNGY1YTA5eGVVQU5tMkwyUlZLVkR6ci1LbW1Ec3lVS2Z4VGJpcklWc3VSWVFhZ3hJUmgtNUNmTGRpanl5cmZXMmlJUkZKb0JsZ0lwNXVFSWNuc2NYT0ZFTXF2cjFaUUdzRkRpUVZKMXlVVVBrSU5B?oc=5
T0404,"How to watch Packers vs Buccaneers: NFL, live stream, TV channel, start time - Yahoo Sports",article,Google News RSS,,https://news.google.com/rss/articles/CBMihwFBVV95cUxQekpYWERVV0QwTmVFN3NCMTNEd0Vnb3VhQVNkaHN1Y0hfYmJsZE5RblNEZDNWcmlTZ0k3MjdrRXlGYnNwaUctcmRuSTBadEJRekZMVDlYSXlteDVIR0RZa2pDNmJkX0ZFV1IxRlV2NlctQmhqaGdmbTI1VmtfazZiX09YVVhaWTQ?oc=5
T0045,Can I Bring Glory Back to Man United?,youtube,YouTube Data API,V7RhgR2Z2w4,https://www.youtube.com/watch?v=V7RhgR2Z2w4
T0049,Pro Builder vs 2 Creative Noobs,youtube,YouTube Data API,4772OXvXe-M,https://www.youtube.com/watch?v=4772OXvXe-M
T0164,Gf brought home a cat that i don’t want. Now me and him are best friends.,reddit,r/all,t3_1w9w8de,https://www.reddit.com/r/cats/comments/1w9w8de/gf_brought_home_a_cat_that_i_dont_want_now_me_and/
T0044,Thalaivan Nerandharam! 💥  #Jailer2 Trailer from tomorrow!⚡ | Sun Pictures,youtube,YouTube Data API,P9rRlrfNUvw,https://www.youtube.com/watch?v=P9rRlrfNUvw
T0217,"Max Verstappen wins the 2026 Bahrain Grand Prix in Malaysia! Antonelli 2nd, Hamilton 3rd!",reddit,r/all,t3_1wxcb74,https://www.reddit.com/r/formula1/comments/1wxcb74/max_verstappen_wins_the_2026_bahrain_grand_prix/
T0631,"#516 Nikki 'The Famous Aunt', Writers' Room Moments & 'Get Out of My Elevator!'",podcast,The Nikki Glaser Podcast,92a4d8fb-6bab-41d6-a91e-b29900487b4f,https://omny.fm/shows/the-nikki-glaser-podcast/516-nikki-the-famous-aunt-writers-room-moments-get
T0590,Leave it to Beavers,podcast,Big Picture Science,e86b7420-a2f9-11f1-a719-9f120b71f224,https://bigpicturescience.org/episodes/leave-it-to-beavers
T0612,Found Love in a Homeless Place w/ Jourdain Fisher,podcast,MESS with Sydnee Washington & Marie Faustin,af817b00-7439-45ba-843f-b48801731b0d,https://omny.fm/shows/mess-with-sydnee-washington-marie-faustin/found-love-in-a-homeless-place-w-jourdain-fisher
T0582,"JIM ABBOTT, Part II: TALES FROM THE BACKCOUNTRY | Adirondack Hunt Podcast, Ep. 30",podcast,Big Woods Bucks - Deer Hunting -Education & Entertainment,a2cb2ad8-202e-4ec9-b85d-14b720a90072,https://bigwoodsbucks.libsyn.com/jim-abbott-part-ii-tales-from-the-backcountry-adirondack-hunt-podcast-ep-30
T0297,"Man hospitalized after shooting in Kalamazoo, suspect not yet identified - wwmt.com",article,Google News RSS,,https://news.google.com/rss/articles/CBMi3wFBVV95cUxOck52S3RFYW5qb3AtLThneE9DVlhGNEp2N3pPbld3Y0hLNkpyaU9LZkEwWm52d2tTNDhiRHJ3N3JtRGF6UHNLLUZUSmtlNTYyTnBncEx3ZlpDaGM3R0xucTdHb1psTG5PeWRjZWhTWkFPTXd0alRQWnp5MTBsOURueE8xNURzMzVtblNUd0RVdjZZOTU5QXRUMHJLcFRWcFpHeGdMdEU0RjhqVy1PMVFiQjYzOXpXX0drU1F6QWxNSGxfdGZoVHo1WEVvanNfb2dLMF9jZ0RKc2pBbmxOby1r?oc=5
T0149,this video just pissed me off so much,reddit,r/all,t3_1o0xziq,https://www.reddit.com/r/interesting/comments/1o0xziq/this_video_just_pissed_me_off_so_much/
T0231,🥳 Birthday boy Spencer got his “snack” button back for today only (he’s been on a diet per vet orders) and has been abusing it wildly🤣 I think this is a snack coma🤭,reddit,r/all,t3_1wxouxi,https://www.reddit.com/r/WafflesAndJet/comments/1wxouxi/birthday_boy_spencer_got_his_snack_button_back/
T0107,We Found a SECRET UNDERWATER CITY in Minecraft,youtube,YouTube Data API,XtPvMrUkRK8,https://www.youtube.com/watch?v=XtPvMrUkRK8
T0016,BHOGI Official Teaser | Sharwanand | Sampath Nandi | Anupama | Dimple Hayathi | Bheems Ceciroleo,youtube,YouTube Data API,qjp5KL_Zg4A,https://www.youtube.com/watch?v=qjp5KL_Zg4A
T0130,This is what happens when one company owns dozens of local news stations,reddit,r/all,t3_88ll08,https://www.reddit.com/r/videos/comments/88ll08/this_is_what_happens_when_one_company_owns_dozens/
T0001,"YFG Fatso - ""Bougie Hoes Pt 2 [Official Music Video]",youtube,YouTube Data API,Ge2xeRJAHv8,https://www.youtube.com/watch?v=Ge2xeRJAHv8
T0431,LIVE - Al Jazeera English | Video broadcast from Al Jazeera - Al Jazeera,article,Google News RSS,,https://news.google.com/rss/articles/CBMiTEFVX3lxTFBpVWpnZ1ZfNGE3bEtnQWZVcDNMR25aMkxWMlJlMXdQOHBfMkhfanowLUEyRVJIQ1lOR0wxeVV1QmUtSmdSMVdfVzRzWXo?oc=5
T0427,+[Here’s Way To 𝚆𝙰𝚃𝙲𝙷]”Portugal vs. Norway 𝐋𝐈𝐕𝐄 Ｓｔｒｅａｍ Ｆｒｅｅ ＯＮ Ｔｖ Ｃｈａｎｎｅｌ!UEFA™NATIONS-LEAGUE - Jackson County Pilot,article,Google News RSS,,https://news.google.com/rss/articles/CBMi0AJBVV95cUxNQWgxNFJlb0Jrcm1tSlRrNzMxeFlxb0VjN25sSE1NbWsxZXQzWUpCdi12QjM0RFFEeUhiU2ctc3lNQUxEcXVYbUMtS0RWQTNMem1TT3NkOW1QMlpEV1M0dm1sbUdSc1pxSkZkZF9abGFtbzdIMWJ3VnlOMHNBdTJhcXNvR0RLaXVrdVRPTU55UmluNU5lODRsTTEyc0NnWktIUEZHWjU0cDZCNmxqQWREcjFhSzNMa2tNRGZaWW80VUlmcFlqcUZoTkNxc1VZUE1DYXd4WkpyUF83QnZtbm9YdWxhYVFiWU8xZGU0dzdVM2lVWmlSX1NNRlBVMklSZWNCVk5USEQtV2V4bHZiMW5GOXdBS1VCcHBheTRtVFZKWFEwTS1uY2ZmOEc3U2hucWFjZi1Xd21VRWZmYmljbzU5MDNzNlRHbnMybnR1WXhiQWI?oc=5
T0139,This house ain’t big enough for the six of us,reddit,r/all,t3_fj45ih,https://www.reddit.com/r/memes/comments/fj45ih/this_house_aint_big_enough_for_the_six_of_us/
T0562,"The lost art of rhetoric, from a 2x debate world champion | Bo Seo",podcast,The Big Think Interview,d63ce5d4-08b4-415f-9564-a288c9257aa5,https://podcasters.spotify.com/pod/show/steph-mcclain3/episodes/The-lost-art-of-rhetoric--from-a-2x-debate-world-champion--Bo-Seo-e3or641
T0209,"Shiba-san, the dog that ""worked"" at a Tokyo tobacco shop",reddit,r/all,t3_1wx4nkh,https://www.reddit.com/r/interesting/comments/1wx4nkh/shibasan_the_dog_that_worked_at_a_tokyo_tobacco/
T0051,I Found EVERY SECRET at RON'S HOUSE in ANIMAL HOSPITAL!,youtube,YouTube Data API,Kn2537gINEA,https://www.youtube.com/watch?v=Kn2537gINEA
T0545,Call-In Ep w/ George and Sam,podcast,StraightioLab,6a21b41a-95fd-4213-bbcd-b4c00170f1d1,https://omny.fm/shows/straightiolab/call-in-ep-w-george-and-sam-5
T0239,Straight up shit in a kettle,reddit,r/all,t3_1wxno75,https://www.reddit.com/r/whenthe/comments/1wxno75/straight_up_shit_in_a_kettle/
T0063,"Reporting Live | Official Trailer | Parineeti Chopra, Deven Bhojani | Netflix India",youtube,YouTube Data API,VqbrAbuQC1o,https://www.youtube.com/watch?v=VqbrAbuQC1o
T0542,"""Talking About Something You Almost Did"" w/ Hollywood Handbook",podcast,StraightioLab,157192ae-06ed-4537-925c-b4cf01575594,https://omny.fm/shows/straightiolab/talking-about-something-you-almost-did-w-hollywood-handbook
T0250,Which fandom is basically this ?,reddit,r/all,t3_1wxngre,https://www.reddit.com/r/Multifandom/comments/1wxngre/which_fandom_is_basically_this/
T0390,"Packers vs. Buccaneers: Live updates, score and highlights from Week 4 - Yahoo Sports",article,Google News RSS,,https://news.google.com/rss/articles/CBMiiwFBVV95cUxPYVJkOGpQTnpzNWx3VU9YdjVZcFM0dlA3ckN2Z09DUm9xTWx3bmxMclhSc2dVNXdfb1R1MHJtWlA0WFZ4RzlGSzJuUERiWmFQQjhLUV81aWU2X3N3R2xCTThCa1M0RDMzdUFwY24tZ0tlQldSb0g3S0lyanRJMTlsdzdBWVhzYjJNYnVv?oc=5
T0410,Boston 25 News. . WATCH LIVE: Coast Guard providing update on search for missing medical transfer jet - facebook.com,article,Google News RSS,,https://news.google.com/rss/articles/CBMi2wFBVV95cUxOZTVDbUdqSER1S28tZ0hlYjFxZ3dVZWRkQzhRQ0R2N3JUQmZZZnhqTVZ5bTMyNkxVOWVZcThJbUpYNTZrQjdpOTlxZXpBUko5QTNCY2JLS0xzckt1Tm5TWDZjRDBQN0VTTVJSR296TUYxWVdCMFFCYVE0T0ZaMVV5VWxZU2R2ZndmSC1ZWGxadnVtMGhTODlHQkprTHloOHE4ak9mY2QxanNSd2YyY3BzcFFWUXREbDd2Nm5JVl9lbHFGU2tDaVlFVFl2Nlc3MkZpOEJFMHRpNmI5TmM?oc=5
T0388,"How to watch Titans vs Ravens: NFL, live stream, TV channel, start time - Yahoo Sports",article,Google News RSS,,https://news.google.com/rss/articles/CBMigAFBVV95cUxQczNHSkRUZHhRRGFkVEJoNjVkSnNJVTlOQWJiOHA4ajBDQWo0LU43WW5kT2R2X1I5ZWtmQ29aX05rSjJlUlkzUGt6UkxZQTUxQmlZN0pqQWFYSlVVM0tWNG9NUFhOcVZ3ek8yaFAxdHltNWpNekFvdUF5T09VWk1vRg?oc=5
T0292,"AMTRAK train strikes, kills man walking on tracks in Osceola County - WKMG",article,Google News RSS,,https://news.google.com/rss/articles/CBMiugFBVV95cUxPR3VaYXd5R2p2aS12RVZBUm12TDZKRTNxNVJyd0JJdGJ4c0J6TDRudkV3TkRtR1ZkdDlZQzBfem40cHpOUUxVU2x4T0lRbGZ6RnFrVTE3QmlOWVpWZlZqRW5zR3JzUHdHay1VRV9BRzJ6MTlVLVNWNkdUWjZEQnpRbG9OZEFGR1ZqWXdnM0pOYS0tNkR3ZnRSc1JmdUkwR3FSQUhUTk04ZXpwUkcxZmUwbFVjaWZaZEdON0E?oc=5
T0036,Ambe-Saii kay(Da-rock Localremix),youtube,YouTube Data API,F4BCYKpWwf4,https://www.youtube.com/watch?v=F4BCYKpWwf4
T0445,𝚆𝙰𝚃𝙲𝙷 Portugal vs. Norway 𝐋𝐈𝐕𝐄 Ｓｔｒｅａｍ Ｆｒｅｅ ＯＮ Ｔｖ Ｃｈａｎｎｅｌ!UEFA™ - Jackson County Pilot,article,Google News RSS,,https://news.google.com/rss/articles/CBMi2gJBVV95cUxOdEJMSl9RYnhiSkVmZTFuLTVKdmxHeldrQTlYX04wZjNaS3Q0aGN5S3NQQWFLcGUyNzkySW1Qd0Z2U0RKazAxNGR4SHI2UGkydDBFdWl6cFdsbjhBZVNqY2pLTWpacDQzQ1Vmc3B4UmZaVlVGeUdWdF9memJBbVBBRUFqZzFTdVp6REYtdXZMdG9GV3pSUG9lXzRzcVB1dm93eGlNUFVvSDQ2T3RBMVRpQkg4VmhhMzAtNjBhTVh5NEJhNWNTOV85VS1mUXJiZHNnNHAtakdodFlRWXhZZ0Vtc0FaYi1qOEkwZ0FCbWItY2I2aHhUTndReFEtdTUzYk41T25jcjR6VWdkOWktbW1ITjZOOVJDOFY5d05pOHVqOHhXQ1dnZDNXYWZBUUdpUzVORHg2ak14M3VBUGlReVdSa2tPWTh6RHVBMlNZUzItU01Iek9TWUxvQXJn?oc=5
T0364,Massachusetts man dies while hiking in NH's Lakes Region - NBC Boston,article,Google News RSS,,https://news.google.com/rss/articles/CBMiowFBVV95cUxQM25tZWZNS2VsRG90d1RwT1BBQkFwUER6VzY2NlpnY2NyM0lvU3J3dFRDMlBLZkxvQVJHQVI2UjBCTXI1ZjlzYjEwMWVoal91STdIMUNCNXp0cHI1QnY0ZVlOU3p5ZjNVLV93bUc0dWZ4bEpTeXhfNjNYbmNmaTBPUEpxeVFlWWt3cUZERWQzaWI2XzY3TTl1Nm85cGJiSXdWX3VB0gGrAUFVX3lxTFBmTmJ1VHg1TUp4REhKSTl3QTBRd1NuZTRBYkV5c3UyNXctbllzRHF6eHQtOG53TkpXTjNsclc2MUNUMWc1Q1pNS29NSHNTTERTNF9WbVdISVY3THFYQkFidGR2Z3ZWZl9QdGVyY3RHNlNoVmNSNWVPcWVFYU1fSG1HSEJLRTkzTENteXVVam9PRjJ4MUMzRExrVVVmTFU4dkoyYlVqR3R2ZExEYw?oc=5
T0469,"BB28 Thursday Live Feed Update October 1, 2026",podcast,RHAP: We Know Big Brother,https://robhasawebsite.com/?p=448433,https://robhasawebsite.com/bb28-thursday-live-feed-update-october-1-2026/
T0579,Trail Cameras in the Big Woods? | Big Woods Bucks Podcast Ep 206,podcast,Big Woods Bucks - Deer Hunting -Education & Entertainment,760bc57b-4b83-4450-9b63-e1aad78cd2da,https://bigwoodsbucks.libsyn.com/trail-cameras-in-the-big-woods-big-woods-bucks-podcast-ep-206
T0591,443: Ryan Muckenhirn's Two 30-Cal Setups: 308 130gr TTSX and 300 Super WSM,podcast,"Big Game Hunting Podcast - Hunting Africa, North America, & More!",8f9335ea-9afd-487b-9647-ee2688f26e0b,https://biggamehuntingpodcast.libsyn.com/443-ryan-muckenhirns-two-30-cal-setups-308-130gr-ttsx-and-300-super-wsm
T0082,(Sittin’ On) The Dock of the Bay,youtube,YouTube Data API,93x1mcPId6M,https://www.youtube.com/watch?v=93x1mcPId6M
T0095,Collecting 1 Billion XP in Minecraft..,youtube,YouTube Data API,IkqGjsKRCpo,https://www.youtube.com/watch?v=IkqGjsKRCpo
T0050,Pretending to be a NOOB then becoming a PYRAMID GOD,youtube,YouTube Data API,GpSA-1PFq3A,https://www.youtube.com/watch?v=GpSA-1PFq3A
T0148,My friend spotted this in Paris last week,reddit,r/all,t3_1nyy038,https://www.reddit.com/r/pics/comments/1nyy038/my_friend_spotted_this_in_paris_last_week/
T0565,Big Facts feat. HOODRICH PABLO,podcast,BIG FACTS with Big Bank & DJ Scream,6a61a969-7e82-42ff-a091-b4cc00df9f93,https://omny.fm/shows/big-facts-with-big-bank-dj-scream/big-facts-feat-hoodrich-pablo
T0090,DRISHYAM 3 - Hindi Trailer | Ajay Devgn | Tabu | Jaideep Ahlawat | Shriya S | Concept Trailer,youtube,YouTube Data API,IqdYzKAD4zs,https://www.youtube.com/watch?v=IqdYzKAD4zs
T0396,"How to Watch Jets vs. Bears: TV Channel, Live Stream, Time - FOX Sports",article,Google News RSS,,https://news.google.com/rss/articles/CBMipwFBVV95cUxQSTZvUWg0U2syczU5WllsMlBCLXFLUGNnbDNaZ2E1REREWGtiRnNxcTVPMl9jeUJ4U2JxMVJDWEVLQmkydEpqQUF3QXpHYUVZa2dLdTA2SkNoYWd3VGtWM1JuUmlraXhyR3hiTWpFLXNzQ05UX2U1Nl9JampPV3hSbnk4VWVmcXczakFhY3JzUl9WZXZodTBuSEYzSHl2YkJSWmluWlU1bw?oc=5
T0206,This guy got people from around the world to teach him their favourite dance moves. Credit: Ed People,reddit,r/all,t3_1wxcut8,https://www.reddit.com/r/MadeMeSmile/comments/1wxcut8/this_guy_got_people_from_around_the_world_to/
T0236,just got home and filmed this to know how I looked,reddit,r/all,t3_1wxouxa,https://www.reddit.com/r/teenagersbuthot/comments/1wxouxa/just_got_home_and_filmed_this_to_know_how_i_looked/
T0043,FC 27 But My Team Is Random,youtube,YouTube Data API,5og8acR6s9I,https://www.youtube.com/watch?v=5og8acR6s9I
T0173,"After 6 years of failed attempts, a photographer finally captured this rare alignment of the Moon, a mountain, and a basilica.",reddit,r/all,t3_1wrh4ka,https://www.reddit.com/r/interestingasfuck/comments/1wrh4ka/after_6_years_of_failed_attempts_a_photographer/
T0437,"Chiefs vs. Raiders: Live updates, highlights for Week 4 showdown - Yahoo Sports",article,Google News RSS,,https://news.google.com/rss/articles/CBMihgFBVV95cUxNWDBsUWhkMG9mX2lYSlZyLUd1RWxoaXpLcG1wRmljTkVjV0xvZGNwNTdVTHNISmNJLWs3QXY3aXpuVTBQTzVnam1oZ0paSXcwR0IzXzhhZEp0cFZrbmNET1VwY1JrcTViWlBSVUxfeUJETlQ5WF9UZ1RqZC1jZFFna2lCRWJEZw?oc=5
T0576,It's Just Bodybuilding 403 Our Mr. Olympia Top 5 + The Biggest Sleeper,podcast,Think BIG Bodybuilding,"tag:soundcloud,2010:tracks/2406073914",https://soundcloud.com/user-634942648/its-just-bodybuilding-403-our
T0527,Peep Shows with Jim Florentine,podcast,The Bonfire with Big Jay Oakerson and Robert Kelly,33cb0095-e390-4ce2-a458-fd2ae8460793,https://www.siriusxm.com
T0323,Corpus Christi man arrested for murder after fatal shooting on Marion Street - kiiitv.com,article,Google News RSS,,https://news.google.com/rss/articles/CBMi3AFBVV95cUxQZFFoNHd1dTZ4NTNBVGtQTFk2ZmxOci13UU9xVkxNUUlfOGtoY0xBRDBQTnU2TGdGQzZ5MzhGUmNiZGotbzNTelVNTlREQWdCYzVzSExyN0NEUFd1NkJxVGtSWGNZWFBORUIzeTRFQWFkaDczbG5pQ29qTjhuMnZqOGRIbV80bmhfcmp3VlN4LTd3aU1lQjhMRmFtT21CX1prSHpuZS14RlNoR3BsNTktOFgzNlpweEtCanpYYUNnc1FyN25ETmcyVlBtYnlvZm5uY2dWc0NaQjVPN1pS?oc=5
T0277,"Man accused of kidnapping woman he met on dating app, keeping her captive in attic for weeks - KOLD",article,Google News RSS,,https://news.google.com/rss/articles/CBMisAFBVV95cUxQVUNva2pKaDN4RGVheFZiZnhRZTBJWjlTWUxhbzNGUG5MVHEtX2QzRHpOQThESHpyUkN2eTlsbXMxZ0pUUmpYZ1VYR3pwYzkwU2c1V0NsTXN0WFpodXlrMEFsZEpIVVBRV3pZdkRpT0RoWGxCV3gzbDFJTkJDYlV1Z2xKeGZNQl9PczJEUEtWNEJ6cUs3TGZuVENGQjdRRlJ6Xy1HcEg3bTNCejVqSWlNbtIBxAFBVV95cUxQVzFrSmgyN2FoekFaMk5ZNzNtUlh5WW5ZZkVNTFZBdnVGenRBdG9MdGZfdVhqQUEwWVJqQjREUkctbU12ZGNMZm9JWUpkVE5GenBjVWZfWFZtSlNJb2ZoN3dOY3dJbk1vX0trWXFTd3hUeGx3eEdIUTF3V1VNS2RvM2VkdElCSTJnc05oVTlZbVVNdFIxUW9BM0pQdDZhaWJKRHE1Q0xQZjVUU3hLTGZSd1VRU21ha1Z4dXlYVTUwT2hnYmMt?oc=5
T0511,Disco skating for the WIN... or for the LOLS?!,podcast,Big Life Kids Podcast,6298fd2a82d3ef00131ae1c9,https://shows.acast.com/the-big-life-kids-podcast/episodes/disco-skating-for-the-win-or-for-the-lols
T0460,Cowboys at Texans live game discussion for Week 4 - Yahoo Sports,article,Google News RSS,,https://news.google.com/rss/articles/CBMijAFBVV95cUxObFBGSzRBTHBCWGVWNks5TmFJTFZjMmZYcmVLbFFoQmZHcjFRcDhoYjRsYmRCWmFJajVGeVJtdi1pZ0Q0WjVBTVRneXlhOWtBTEM3SlhRU0NKNnNITURtWVhmWEJjcDh3TGVNQ3AwcTl5a3B6YmtLd0xiYWhaa0JEczFMNzhaR1c0N0gyMg?oc=5
T0048,Rockstar Is 100% Doing This For A NEW GTA 6 Trailer!,youtube,YouTube Data API,XorxBwMkYoY,https://www.youtube.com/watch?v=XorxBwMkYoY
T0108,need a scientist to explain to me why this tiny paw has the same weight as a truck :/,reddit,r/all,t3_1wxjott,https://www.reddit.com/r/cats/comments/1wxjott/need_a_scientist_to_explain_to_me_why_this_tiny/
T0560,The political philosophy under attack from both the left and the right | Jonathan Rauch,podcast,The Big Think Interview,993c5b2d-6f5e-492d-b33e-6c79f2023127,https://podcasters.spotify.com/pod/show/steph-mcclain3/episodes/The-political-philosophy-under-attack-from-both-the-left-and-the-right--Jonathan-Rauch-e3pgpm6
T0581,Training to Shoot in the Big Woods | Big Woods Bucks Podcast Ep 204,podcast,Big Woods Bucks - Deer Hunting -Education & Entertainment,fadd3eb1-781d-404d-b2d5-0905920f3bf8,https://bigwoodsbucks.libsyn.com/training-to-shoot-in-the-big-woods-big-woods-bucks-podcast-ep-204
T0046,MW4 DMZ World Builder Trailer (Ink Reacts),youtube,YouTube Data API,Xja7v26eiXg,https://www.youtube.com/watch?v=Xja7v26eiXg
T0080,Ammiye (Official Music Video) NIJJAR | Dr Zeus | Autobiography | Latest Punjabi Song 2026,youtube,YouTube Data API,bnu_Db3wCv8,https://www.youtube.com/watch?v=bnu_Db3wCv8
T0184,"Japan is trialing a drug that regrows human teeth by blocking USAG-1—a protein that keeps dormant tooth buds switched off. Phase I is done. Phase IIa in children with congenital tooth loss is next. If it works, dentures and implants could become obsolete.",reddit,r/all,t3_1wpwvz6,https://www.reddit.com/r/interesting/comments/1wpwvz6/japan_is_trialing_a_drug_that_regrows_human_teeth/
T0009,We Automate Infinite Netherite - Sky Factory Season 7 EP 4,youtube,YouTube Data API,RqagxX1-dP8,https://www.youtube.com/watch?v=RqagxX1-dP8
T0313,Man charged with murder after alleged stolen gun sale led to deadly shooting - Action News 5,article,Google News RSS,,https://news.google.com/rss/articles/CBMiswFBVV95cUxNaTZiRkpsczRNZTB1ZTRpMWZiS3AxSjZKMTloNDItc19MUTljUU0taUVfc2tuYVFzck5uUGhQcmUwQ0RVMm9rOUhDUEVwM0tDWDhwb1BXamxzNXc5VllqWWZBYy1xbEU1b0VCSG81dFdaeWl4RkJNMWFhVC16QWR4eWg3cXJhZzVvZGowcVYwcG1QREFKOTJiMXhQb0VnbVlnY2FiZF9rekZUTER0c3J6dFREZw?oc=5
T0319,"Man charged with 2024 first-degree murder in Le Mars, IA found guilty - KTIV",article,Google News RSS,,https://news.google.com/rss/articles/CBMipwFBVV95cUxQdlAtV3JST2JtQ2ZMNTFNWjFPRTNqellRa1l6Vm85aXg3OF9oeXZtNG9VUUlnUHpCNDZFV3dTMnFvM3Y2VjA4QTZ6SVpIVkdjeDRRNWQyX055dkdUM2NYMWZzTUhTX1ZsTmJLZ0VXeGZaZ3kyRW9uSVY1Y09qUklMN2pWOXV3bmhZM3lNbnZ5Z21MVTNwNm52Umo1V1ozOEZSSmNna2s1MA?oc=5
T0557,"Meta’s Muse Revival, Frontier AI Under Threat, The Rise Of Dopamine Sites",podcast,Big Technology Podcast,17c5602c-b90d-11f1-b635-67211c3cb299,
T0136,"Private Internet Access, a VPN provider, takes out a full page ad in The New York Time calling out 50 senators.",reddit,r/all,t3_61ns2w,https://www.reddit.com/r/pics/comments/61ns2w/private_internet_access_a_vpn_provider_takes_out/
T0086,Soulidified - Man Ain't Me (Official Video),youtube,YouTube Data API,eDM4kW5Phj4,https://www.youtube.com/watch?v=eDM4kW5Phj4
T0012,RuneScape Reignited | Reveal Trailer,youtube,YouTube Data API,dWx-6WlUXJE,https://www.youtube.com/watch?v=dWx-6WlUXJE
T0097,We Created BUNKER to Survive iPhone DUO in Minecraft!,youtube,YouTube Data API,M48laErorfM,https://www.youtube.com/watch?v=M48laErorfM
T0491,Shaq & Iman Shumpert on Why Wemby Has EARNED His Place In the NBA,podcast,The Big Podcast with Shaq,28d3e90f-1898-4e25-8e63-b4ab013ef887,https://omny.fm/shows/the-big-podcast-with-shaq/shaq-iman-shumpert-on-why-wemby-has-earned-his-place-in-the-nba
T0023,Headlights (The Super Voice),youtube,YouTube Data API,T4-fVVo0ZHg,https://www.youtube.com/watch?v=T4-fVVo0ZHg
T0627,"The Big Boo Cast, Episode 512",podcast,The Big Boo Cast,audioboom-01a0a530-572e-7bec-95a0-8cc3e0767816,https://audioboom.com/posts/8952893
T0620,Genevieve Thurley: 'I was not going to celebrate until the baby was in my arms',podcast,"Big Fat Negative: TTC, fertility, infertility and IVF",6a39b16500998a7fc865de66,https://shows.acast.com/bigfatnegative/episodes/genevieve-thurley-i-was-not-going-to-celebrate-until-the-bab
T0073,Noah Kahan - Draw You Out (from The Hunger Games: Sunrise on the Reaping - The Album) (Lyric Video),youtube,YouTube Data API,OSdQnT_FhAs,https://www.youtube.com/watch?v=OSdQnT_FhAs
T0270,Man who allegedly shot at couple delivering DoorDash order in Spencer arrested - WCHS,article,Google News RSS,,https://news.google.com/rss/articles/CBMirAFBVV95cUxOWDNlMlJuamF3a3ZvaDJjdUpYR0M0UVZXckdfUFh6T3o2eGY4Wm15TXI0YnhkM2ROajZIa05hUS0yMFN0LTZEajNaXzRvVVNrMG5YazJKNEZSUkVlemJ0WDdwaTRiMGI2RmJhLXBLYVdkNmUxSUFvNlNwSTUwN2hVbEE3TWVuTHRjQTNaLTVISVB2Y1daZm1rdlVESUpaVEJremlxZzFHQVZ1dDNI?oc=5
T0247,They profit while we struggle.,reddit,r/all,t3_1wxngy8,https://www.reddit.com/r/lostgeneration/comments/1wxngy8/they_profit_while_we_struggle/
T0467,Why ___ Won (and the Others Lost) BB28,podcast,RHAP: We Know Big Brother,https://robhasawebsite.com/?p=448611,https://robhasawebsite.com/why-___-won-and-the-others-lost-bb28/
T0416,Utah Jazz vs Denver Nuggets Live Stream: How to Watch NBA - Fubo,article,Google News RSS,,https://news.google.com/rss/articles/CBMijwFBVV95cUxNNVpfbHdsMXpkZzVWdHVwX2RPNXRqVGVSMTlsVjhzb05sVEUxVWROWUdTRkNxT0puNXFTYnVxODdRWmt2R1B1WEYyVC1fQ0VodnZZbVlBTXl1OXBOR25IOTU2Y2V6UEVZSmd6Sm1pemRET0FvUlFMTXJqOEpzTVdJbDNKRjR2WkgwUTVWRnhFQQ?oc=5
T0127,My cab driver tonight was so excited to share with me that he’d made the cover of the calendar. I told him I’d help let the world see,reddit,r/all,t3_7mjw12,https://www.reddit.com/r/funny/comments/7mjw12/my_cab_driver_tonight_was_so_excited_to_share/
T0243,"Ireland captain, Caoimhin Kelleher, refuses to shake hands with the opposition’s captain pre-game.",reddit,r/all,t3_1wxohh6,https://www.reddit.com/r/LiverpoolFC/comments/1wxohh6/ireland_captain_caoimhin_kelleher_refuses_to/
T0395,"Where to live stream Bills vs Patriots for free: NFL, TV channel - Yahoo Sports",article,Google News RSS,,https://news.google.com/rss/articles/CBMigAFBVV95cUxOd3YyNWYzV1JrSDFWc05rbVg0MHNmMFR0ZmVoRzNNQXpCc3hWZXRqdjFrbkZFZHBfNlNPNjhtVGJTQkFlc0pMU2M2WUJZakVsdzE1d0pneXIwSTJ0QnpOUENsQ2Q3WjBHOXRyVlNhNTdSVkpwVjJrTHg0U1ZNdWpaOQ?oc=5
T0190,Thoughts on this?,reddit,r/all,t3_1wvzagh,https://www.reddit.com/r/SipsTea/comments/1wvzagh/thoughts_on_this/
T0183,The things that only happen in Australia,reddit,r/all,t3_1wj41p7,https://www.reddit.com/r/Unexpected/comments/1wj41p7/the_things_that_only_happen_in_australia/
T0153,A terminally ill 5-year-old boy obsessed with horror movies found comfort in a Jason Voorhees cosplayer shortly before he passed away. Sometimes monsters can be heroes.,reddit,r/all,t3_1nyn2nk,https://www.reddit.com/r/MadeMeSmile/comments/1nyn2nk/a_terminally_ill_5yearold_boy_obsessed_with/
T0379,"Bahrain Grand Prix in Malaysia LIVE: Race - radio commentary, text updates, times & results - BBC",article,Google News RSS,,https://news.google.com/rss/articles/CBMiY0FVX3lxTE5TRmdINmdjMmZ2UWRTUXdrV2ZhV3Q5azIyc29fWGVEblZmN2lZMzFSVEVuMTIxeGEzQkstckRQeURUQWVyVVh0YU5lRGI2SU5GU3ljaVViVFlXUWdzaFV6amZkOA?oc=5
T0177,"Huh, who would've thought",reddit,r/all,t3_1wbpmem,https://www.reddit.com/r/SipsTea/comments/1wbpmem/huh_who_wouldve_thought/
T0071,We Ruined Worms With Mods... Again,youtube,YouTube Data API,Mv9TvX-WGj8,https://www.youtube.com/watch?v=Mv9TvX-WGj8
T0471,Is ‘Digger’ the Tom Cruise Movie We’ve Been Waiting For? Plus: Our Top 10 Tom Cruise Performances.,podcast,The Big Picture,a11fb658-abcd-11f1-88c3-f7a0eef34256,
T0309,"SBI agent shot while searching for man in Reidsville; suspect charged, officials say - WXII",article,Google News RSS,,https://news.google.com/rss/articles/CBMikwFBVV95cUxOR0lfbTJkVjRNa2pnbjBjU1JsQnZfMzZ3N2VnZzBkTkhocjNwb0ExM0k4YkxUa3dJQV9sb0ZZOW94WVJiQVhfTjlzVm9JUEtVSnIxOGU4ZGRMdTFseFhFZC1ncnRhNmtWMUdONThrR0NaQzdKQVZlaThJdFJMOWM5S3dIcGNjdUVyekNlSXNxa1RHbTA?oc=5
T0089,UP Wali Laiki | Nishant Mukta | I-Popstar Hindi Vol.2 | EP 2 | Alright TV | Netflix,youtube,YouTube Data API,D0YkgCt_MgA,https://www.youtube.com/watch?v=D0YkgCt_MgA
T0533,Your Brain Is Begging for These 5 Things (And it could help you prevent Alzheimer’s disease),podcast,After Bedtime with Big Little Feelings,gid://art19-episode-locator/V0/rs7mBhoijgCcDbjvQ61LON1hBrzYqJkG4y8q5HsNC7s,
T0004,RuneScape - Official 4th MMO Teaser Trailer,youtube,YouTube Data API,8Vu7c-8SCUc,https://www.youtube.com/watch?v=8Vu7c-8SCUc
T0392,"How to Watch Colts vs. Commanders: TV Channel, Live Stream, Time - FOX Sports",article,Google News RSS,,https://news.google.com/rss/articles/CBMirwFBVV95cUxOdTBOeThhdU84d0tsVjQtQ3M4VUVJQTNiMWJwLUFPWFYwU3FEWVVkQ2tsSjRCcDdsZFlWY0hWQ1RQSVRaNUliRFBhSXlXdUdZWTVITDNPT1Ewcl96QTNFWG4wY3RxS3N3SDU2NC1JUVhBelA0UEFZcGVDdWJqZDQxZ3pUVng2YXdvNW45bDRDeVE3UUx3c0ttaEM0YUxsa2pBN1VwZjFPVkZlM09VTUlJ?oc=5
T0630,#517 The Glaser Exit,podcast,The Nikki Glaser Podcast,c7eaec5e-02a5-49d2-be3e-b29e013a68f6,https://omny.fm/shows/the-nikki-glaser-podcast/517-the-glaser-exit
T0415,Oklahoma vs Georgia Live Stream: How to Watch Women’s College Volleyball - Fubo,article,Google News RSS,,https://news.google.com/rss/articles/CBMivwFBVV95cUxNemY3c3MtRi05bjRrQUU5TEkyWnEtZW5SU1BmVUJWYmdXdTZWNFp0ZXA3enVPN1VYT2FZY0pXWG1rcmNRUlNQemhubHZ4NFlCVTJwNURsTmQyMWVlTUx3aXg5Y1Q0M25RWVFpaVdobHR0YW0zZXd6eG0zUzBjZndCU25nTFdWTnFOUHRHNEQyM2JtOGZNWUhvOWVGckNjZmVJMlprZXVKc3JfN2J1NUdyTjJyS1ctbVJKbVF5bUx5cw?oc=5
T0498,Mitt & Ted | 2. There's Got To Be A Better Way,podcast,"The Big Dig Season 4: Mitt & Ted, a healthcare story",prx_4614_f5ec764e-80ec-457c-a09e-e2f2b8f0e4c2,https://play.prx.org/listen?ge=prx_4614_f5ec764e-80ec-457c-a09e-e2f2b8f0e4c2&uf=https%3A%2F%2Ffeeds.wgbh.org%2F4614%2Ffeed-rss.xml
T0213,"TIL Napoleon III escaped from a fortress where he was serving a life sentence by disguising himself as a laborer and walking through the main gates carrying a large plank over his shoulder to hide his face. Six years later, he became Emperor of France.",reddit,r/all,t3_1wx23lg,https://www.reddit.com/r/todayilearned/comments/1wx23lg/til_napoleon_iii_escaped_from_a_fortress_where_he/
T0386,"How to Watch Cowboys vs. Texans: TV Channel, Live Stream, Time - FOX Sports",article,Google News RSS,,https://news.google.com/rss/articles/CBMirAFBVV95cUxOOGJtUFpuZ3k0Y0N1WlBsYXdiUW1jcTg2TXE2MTk0M3JoNE5TbVdQdWpQNEdhdk9lWC1lM0RoMHhQN1RPNDE2UFh6Q2cxSm5YU2VlU0ZIUlNvc0tHNHJsU0xwX2IzYzFNd2J0RHh2ZlpNbXNmai1IMVZRcjE4Y0ZWRmFFUDJ5RnA5cEJqaGpVbVRvRmllcWh4cWFBcWhLVFNSNTdNajdsV0U2U1hY?oc=5
T0499,"Introducing Season Four: Mitt & Ted, a healthcare story",podcast,"The Big Dig Season 4: Mitt & Ted, a healthcare story",prx_4614_72d0b631-46ee-4a34-bfa5-673f034fa2fd,https://play.prx.org/listen?ge=prx_4614_72d0b631-46ee-4a34-bfa5-673f034fa2fd&uf=https%3A%2F%2Ffeeds.wgbh.org%2F4614%2Ffeed-rss.xml
T0020,I Hate Clips...,youtube,YouTube Data API,m2kVV-COOno,https://www.youtube.com/watch?v=m2kVV-COOno
T0011,How Hard Is Finding Bigfoot?,youtube,YouTube Data API,VxPBaAT13gk,https://www.youtube.com/watch?v=VxPBaAT13gk
T0193,My roommate has absolutely flat feet. He has 100% contact with 0 arch,reddit,r/all,t3_1wsxldl,https://www.reddit.com/r/mildlyinteresting/comments/1wsxldl/my_roommate_has_absolutely_flat_feet_he_has_100/
T0026,Come Back To Me,youtube,YouTube Data API,5L8HtOh-RMw,https://www.youtube.com/watch?v=5L8HtOh-RMw
T0493,Do you nose who fibs about MUCUS?,podcast,The Big Fib,gid://art19-episode-locator/V0/Ut3672dKYJY-FB18Upcs8k4CI7GbzdSbYU2JXjlHQmQ,
T0353,42-year-old man shot in Kalamazoo Saturday - WZZM13.com,article,Google News RSS,,https://news.google.com/rss/articles/CBMiwgFBVV95cUxQM2d0TkpmSk9ZR0licHhPMjdQVVNDdkpQZXhaVU1EeWtpeDVBOWhuaFltZDlvNG1HVkRSY0VxTUdXSm9BYlQ1UUxhdjB1UEplTm9RcXN6SFVEakFqM0lIRHRGSi1aSDh6a2FXMFpMei1ZZGxYRHVFTXllV2R6ZzRBVTNvRmF0N0RDZHRfbFFLWHdSXzR5TWRfTU1Vby03UWVxc2g3QV9DdkpIVWw3VDR2RUZUZ3M3cWR0X2xPRnBXS3F0dw?oc=5
T0458,𝚆𝙰𝚃𝙲𝙷 Chicago Bears vs. New York Jets 𝐋𝐈𝐕𝐄 Ｓｔｒｅａｍ Ｆｒｅｅ ＯＮ Ｔｖ Ｃｈａｎｎｅｌ!NFL™ - Jackson County Pilot,article,Google News RSS,,https://news.google.com/rss/articles/CBMi3AJBVV95cUxOcm10MUZJUXRTNkJXQjl6SE9yV0d1S1N4MkN5Ym1Ya1JYOE01anBfMVNYb29NbV9UcC1fNjJXazZIUzROcnR5QTFOMkx0Ym9ZZmhXVGMzcHlZYzJNa1M5Y1cyRUNXekwwSEplcjVlWGlMZVdsRlJyVnpvQnZwMlFxdnhGSEs0VUJka215SFZ6Y0Y1YTRTMERRZzBkT2lvcWhsSnhtQm5QTUtyQ0kta1N0NWxCRlpJVHBfbUhmZl9VVXpYaDFnS0ktLU5USURlekJPc2VtWGFVNmJYdVk1Z1pQWXpSY1VPMVhyRjljTjNkX0N4b29uWkpJZ0xTcG52UlBHNUwtZU8yTjJkOE8yN2dFcDFSRTc4U3hJT1ExaTlXVmlHZmtXZnpnNnVLR0IwYk1fSVhsUXFnZFFjUnFITmRDamtwNTYwdHEyQVJUU3o0b01pOF9kQW9MTW45MEI?oc=5
T0106,MY MASTERPLAN TO DEFEAT TITAN IN LILYVILLE 😱😡 | Minecraft,youtube,YouTube Data API,VM3xDb8oEww,https://www.youtube.com/watch?v=VM3xDb8oEww
T0222,Any real games with this specific genre?,reddit,r/all,t3_1wxouy5,https://www.reddit.com/r/gamingsuggestions/comments/1wxouy5/any_real_games_with_this_specific_genre/
T0567,"Big Facts FLASHBACK: ""More Love, Less Hate"" w/ LIL DURK",podcast,BIG FACTS with Big Bank & DJ Scream,863cce3d-e017-4701-9dd3-b4bb011cff37,https://omny.fm/shows/big-facts-with-big-bank-dj-scream/big-facts-flashback-more-love-less-hate-w-lil-durk
T0479,From You’re Dead To Me: Iliad and The Odyssey,podcast,Big Lives,244bebf7-fd4d-48c2-b6f0-b48d0114a49e,https://omny.fm/shows/big-lives/from-you-re-dead-to-me-iliad-and-the-odyssey
T0198,Frog Rock is a large granite boulder that formed naturally and stands about three meters high,reddit,r/all,t3_1wuquf0,https://www.reddit.com/r/Weird/comments/1wuquf0/frog_rock_is_a_large_granite_boulder_that_formed/
T0619,"Transmission #001 - The Kitchen, the Toast, and the Brave Bite",podcast,Big Life Universe: Transmissions (Free Preview Feed),2793c8ee-0e6a-462e-a741-d16e587160e6,https://share.transistor.fm/s/2e073e88
T0124,"I’ve found a few funny memories during lockdown. This is from my 1st tour in 89, backstage in Vegas.",reddit,r/all,t3_haucpf,https://www.reddit.com/r/pics/comments/haucpf/ive_found_a_few_funny_memories_during_lockdown/
T0059,Ron is HIDING A DARK SECRET In Animal Hospital..,youtube,YouTube Data API,RpEgc9nrx6I,https://www.youtube.com/watch?v=RpEgc9nrx6I
T0605,Season 5 Trailer,podcast,The Ron Burgundy Podcast,afa99693-470c-46db-8821-aeaf0158b8df,https://omny.fm/shows/the-ron-burgundy-podcast-1/season-5-trailer
T0189,Mail guys folded my wife’s master’s degree,reddit,r/all,t3_1wtu32y,https://www.reddit.com/r/mildlyinfuriating/comments/1wtu32y/mail_guys_folded_my_wifes_masters_degree/
T0025,hate that i made you love me,youtube,YouTube Data API,r5517R2HEY4,https://www.youtube.com/watch?v=r5517R2HEY4
T0150,Abandoned bobcat kitten on my porch.,reddit,r/all,t3_1nzqklz,https://www.reddit.com/r/cats/comments/1nzqklz/abandoned_bobcat_kitten_on_my_porch/
T0298,Man City twice come from behind to beat Arsenal - Yahoo Sports,article,Google News RSS,,https://news.google.com/rss/articles/CBMif0FVX3lxTFB3X0VJRmpVT0FNREZBVTdNMjdNMkJieC1kRVRNTVQxWHZWb05vZWdCaHZpeTctVl9HUVNHT19pcjlqdV8wWDNXUG5rdWFkNTlOaFVXcXRpUHA0RUJuLS1pTWZmVW5ydlZVM0F0Z21kTHI0QWp2M1BZTDRfRjNaVnM?oc=5
T0377,"How to Watch Rams vs. Eagles: TV Channel, Live Stream, Time - FOX Sports",article,Google News RSS,,https://news.google.com/rss/articles/CBMiqAFBVV95cUxPRFY3YW9TTFBjaXlyZ21nMmU1eDM5SlFVZFhyNkZsQ1lTckYwZm85bkVQZlc4YXhMNEU2cmRseDhVMlV5Q2pqWE93OTlEOEpXN3ZOZ2dENjM0NXA4UmlUc1BXeXJFYmVEajJwR28yV2IwQmZhUk44aFFOeVJfdzJPQ1ZnM1BXRFcxTUFiVHJ1enhhZDRNeGVUOXBfQWlYdGtINjgwa0UzR3U?oc=5
T0005,We Found an ABANDONED AIRPLANE in Minecraft,youtube,YouTube Data API,JppPy0vMpgw,https://www.youtube.com/watch?v=JppPy0vMpgw
T0284,"Man arrested after allegedly raping 2 people on LSU’s campus, authorities say - WAFB",article,Google News RSS,,https://news.google.com/rss/articles/CBMipwFBVV95cUxNY1QyeHRiZXpCRW5XVHVnNi1lZlQyU29selJUYldNcldPdkQ1ZVJjcjJxQTZnUmU1NnIyQmlzYjVsclJpb0VpZ2k5RS1PajNjaVJfTmVpbEtLaC1lTmVxYWdJRDdRTUhDZVVkWFlCVGtlM1VOdV9rcVVwUGFnTWVUQXRZQjFrMkRfdm5Yc2s1RXZTSzVIbGRUX2h4S0VKTjlWaUNTUDQxONIBuwFBVV95cUxPZEVBYlJNWHlReVRrNzE0YXFBS1hTQ0NjNk5aUkUzby1LU1U1SkR0bmVuNlc4LTVvU3ZQNVBLc3pJYnZFc0RuWVdwN2pNTmRuWk5JNTV2UTIzV2M3MnY1YkRfbGlQTmVwbzVQR2E5TzRZNzRWc01HcHpQWTJwS0F2QTRHdG43TFp2RGZ6S2hoNlhHMjFtUzRuMm9EWDZtR0dCOE1EZ182WFNsckJzVGJJTDNacmh0ZVQ1aldN?oc=5
